title,content,country
Post 1,Content for post 1,UK
Post 2,Content for post 2,Germany
Post 3,Content for post 3,Australia
Post 4,Content for post 4,Canada
Post 5,Content for post 5,China
Post 6,Content for post 6,Australia
Post 7,Content for post 7,Germany
Post 8,Content for post 8,China
Post 9,Content for post 9,UK
Post 10,Content for post 10,Brazil
Post 11,Content for post 11,Japan
Post 12,Content for post 12,Germany
Post 13,Content for post 13,Japan
Post 14,Content for post 14,China
Post 15,Content for post 15,France
Post 16,Content for post 16,Germany
Post 17,Content for post 17,UK
Post 18,Content for post 18,Australia
Post 19,Content for post 19,China
Post 20,Content for post 20,Australia
Post 21,Content for post 21,India
Post 22,Content for post 22,Brazil
Post 23,Content for post 23,Canada
Post 24,Content for post 24,Canada
Post 25,Content for post 25,Japan
Post 26,Content for post 26,India
Post 27,Content for post 27,Australia
Post 28,Content for post 28,India
